Num_etab;Type_e;Appellation officielle;Label;Items;Année;Date de 1ère labellisation;Renouvellement 1;Renouvellement 2;Renouvellement 3;Renouvellement 4;Secteur;Commune;Latitude;Longitude;Nature uai;Département;Type de contrat;Téléphone;Chef d'établissement;territoire
0250003T;collège;Collège Jean Bauhin;Niveau 2;17;2024;2024 - Niveau 2;;;;;Public;Audincourt;47.47951278049735;6.849090225779805;COLLEGE;Doubs;SANS OBJET;381355870;MILLOT Fanny;
0250136M;école;Ecole élémentaire Premiers Castors;Niveau 2;12;2023;2023 - Niveau 2;;;;;Public;Audincourt;47.47696608998802;6.846439745960947;ECOLE DE NIVEAU ELEMENTAIRE;Doubs;SANS OBJET;;;
0250001R;lycée professionnel;Lycée professionnel Nelson Mandela - Lycée des métiers et de l'ouverture internationale;Niveau 3;20;2024;2020 - Niveau 2;2024  -  Niveau 3;2029;;;Public;Audincourt;47.48440477835469;6.851839399677355;LYCEE PROFESSIONNEL;Doubs;SANS OBJET;381307800;SEMONT Gérald;
0250146Y;école;Ecole primaire;Niveau 1;13;2022;2022 - Niveau 1;;;;;Public;Autechaux;47.377121629029084;6.383520596002425;ECOLE DE NIVEAU ELEMENTAIRE;Doubs;SANS OBJET;;;
0250005V;collège;Collège René Cassin;Niveau 3;21;2024;2019 - Niveau 3;2024  -  Niveau 3;;;;Public;Baume-les-Dames;47.35076846920827;6.352530612760996;COLLEGE;Doubs;SANS OBJET;381841588;DEGRANDCOURT Ludovic;
0250063H;lycée professionnel;Lycée professionnel Jouffroy d'Abbans;Niveau 3;22;2023;2022 - Niveau 1;2023  -  Niveau 3;2028;;;Public;Baume-les-Dames;47.34956760159781;6.350400573622814;LYCEE PROFESSIONNEL;Doubs;SANS OBJET;381840277;DUPRAT Sophie;
0251718G;école;Ecole élémentaire Claire Radreau;Niveau 2;16;2025;2020 - Niveau 2;2025  -  Niveau 2;2030;;;Public;Bavans;47.485649642861226;6.732609460361828;ECOLE DE NIVEAU ELEMENTAIRE;Doubs;SANS OBJET;;;
0251343Z;école;Ecole maternelle Françoise Dolto;Niveau 2;17;2025;2020 - Niveau 1;2025  -  Niveau 2;2030;;;Public;Bavans;47.480876929025946;6.73264064994941;ECOLE MATERNELLE;Doubs;SANS OBJET;;;
0251587P;collège;Collège privé Saint Joseph;Niveau 3;24;2023;2013 - Niveau 2;2018  -  Niveau 3;2028;;;Privé;Besançon;47.245620688398866;6.033739426836159;COLLEGE;Doubs;CONTRAT D'ASSOCIATION TOUTES CLASSES;381530826;M. CHABOD Frédéric;territoire2
0251589S;collège;Institution Notre-Dame Saint-Jean - Collège;Niveau 3;22;2022;2012 - Niveau 2;2017  -  Niveau 3;2027;;;Privé;Besançon;47.25130380350514;6.005099336173178;COLLEGE;Doubs;CONTRAT D'ASSOCIATION TOUTES CLASSES;381474220;M. PECHINOT Fabrice;
0251347D;école;Ecole primaire privée Sainte Colette;Niveau 3;24;2025;2019 - Niveau 1;2024  -  Niveau 2;2025  - Niveau 3;2030;;Privé;Besançon;47.245900415664494;6.030830026699622;ECOLE DE NIVEAU ELEMENTAIRE;Doubs;CONTRAT D'ASSOCIATION TOUTES CLASSES;;;territoire2
0251143G;école;Ecole primaire privée Saint-Jean;Niveau 3;23;2023;2017 - Niveau 3;2022  -  Perte;2023  - Niveau 3;2028;;Privé;Besançon;47.25936930621812;6.0182901784898;ECOLE DE NIVEAU ELEMENTAIRE;Doubs;CONTRAT D'ASSOCIATION TOUTES CLASSES;;;
0251173P;école;Ecole primaire privée Notre-Dame;Niveau 3;24;2023;2017 - Niveau 2;2022  -  Perte;2023  - Niveau 3;2028;;Privé;Besançon;47.25079796723765;6.0044902003605065;ECOLE DE NIVEAU ELEMENTAIRE;Doubs;CONTRAT D'ASSOCIATION TOUTES CLASSES;;;
0251021Z;lycée GT ou polyvalent;LGT PR St Paul - Lycée des métiers de la conception de produits et de l'aménagement de l'habitat;Niveau 3;24;2025;2019 - Niveau 1;2024  -  Niveau 2;2025  - Niveau 3;2030;;Privé;Besançon;47.24534711534769;6.036720590873194;LYCEE ENSEIGNT GENERAL ET TECHNOLOGIQUE;Doubs;CONTRAT D'ASSOCIATION TOUTES CLASSES;381472929;M. CHABOD Frédéric;territoire2
0251028G;lycée GT ou polyvalent;Institution Notre-Dame Saint-Jean-Lycée;Niveau 2;15;2025;2017 - Niveau 3;2022  -  Perte;2025  - Niveau 2;2030;;Privé;Besançon;47.25894161568235;6.020494640160017;LYCEE ENSEIGNT GENERAL ET TECHNOLOGIQUE;Doubs;CONTRAT ASSOCIATION PARTIE DES CLASSES;381474220;M. MASSART Alexis;
0251592V;lycée professionnel;LP PR St Joseph - Lycée des métiers de la conception de produits et de l'aménagement de l'habitat;Niveau 3;24;2025;2019 - Niveau 1;2024  -  Niveau 2;2025  - Niveau 3;2030;;Privé;Besançon;47.24589106141387;6.0346305266422275;LYCEE PROFESSIONNEL;Doubs;CONTRAT D'ASSOCIATION TOUTES CLASSES;;M. CHABOD Frédéric;territoire2
0251127P;collège;Collège Voltaire;Niveau 3;23;2025;2020 - Niveau 3;2025  -  Niveau 3;;;;Public;Besançon;47.22076167605895;5.959119576253574;COLLEGE;Doubs;SANS OBJET;381511145;BATLOGG François;territoire1
0251080N;collège;Collège Diderot;Niveau 3;24;2024;2019 - Niveau 3;2024  -  Niveau 3;;;;Public;Besançon;47.221353426514895;5.971549365480695;COLLEGE;Doubs;SANS OBJET;381510433;CUENOT Christophe;territoire1
0251116C;collège;Collège Clairs Soleils;Niveau 2;20;2021;2021 - Niveau 2;;;;;Public;Besançon;47.25213678280834;6.058809727271883;COLLEGE;Doubs;SANS OBJET;381613434;TARBY Catherine;
0251348E;collège;Collège Albert Camus;Niveau 3;20;2024;2019 - Niveau 3;2024  -  Niveau 3;;;;Public;Besançon;47.259709052182416;6.01055975421952;COLLEGE;Doubs;SANS OBJET;381505124;DARU Marie-Noëlle;
0250012C;collège;Collège Louis et Auguste Lumière;Niveau 3;19;2023;2023 - Niveau 3;;;;;Public;Besançon;47.23979190779638;6.028530390072808;COLLEGE;Doubs;SANS OBJET;381820645;DURAND Sabrina;
0251355M;école;Ecole Elémentaire Charles Fourier;Niveau 1;8;2023;2023 - Niveau 1;;;;;Public;Besançon;47.2206209660501;5.9611006459508085;ECOLE DE NIVEAU ELEMENTAIRE;Doubs;SANS OBJET;;;
0251371E;EREA;Etablissement régional d'enseignement adapté Simone Veil;Niveau 3;20;2022;2021 - Niveau 2;2022  -  Niveau 3;2027;;;Public;Besançon;47.239345041102524;5.9740903644376395;ETAB REGIONAL/LYCEE ENSEIGNEMENT ADAPTE;Doubs;SANS OBJET;;BERTONECHE Étienne;
0250008Y;lycée GT ou polyvalent;Lycée général et technologique Louis Pasteur;Niveau 3;23;2024;2023 - Niveau 2;2024  -  Niveau 3;2029;;;Public;Besançon;47.23804940780935;6.019869609317338;LYCEE ENSEIGNT GENERAL ET TECHNOLOGIQUE;Doubs;SANS OBJET;381812289;"LONCHAMPT Gilles
GUILLOT Aurélie - DR";
0250010A;lycée GT ou polyvalent;Lycée général et technologique Louis Pergaud;Niveau 3;24;2024;2019 - Niveau 3;2024  -  Niveau 3;2029;;;Public;Besançon;47.264557933036464;6.042339373613688;LYCEE ENSEIGNT GENERAL ET TECHNOLOGIQUE;Doubs;SANS OBJET;381547777;BARETJE Jérôme;
0251711Z;lycée GT ou polyvalent;Lycée polyvalent Claude Nicolas Ledoux;Niveau 3;22;2023;2020 - Niveau 1;2022  -  Niveau 2;2023  - Niveau 3;2028;;Public;Besançon;47.25368532957058;5.999970193747298;LYCEE POLYVALENT;Doubs;SANS OBJET;381481818;TEYSSIER Jean-Paul;
0250011B;lycée GT ou polyvalent;LPO Jules Haag;Niveau 3;23;2023;2018 - Niveau 1;2023  -  Niveau 3;2028;;;Public;Besançon;47.23883565943557;6.012610423155057;LYCEE POLYVALENT;Doubs;SANS OBJET;381810145;CAGNE Laurent;
0250013D;lycée professionnel;Lycée professionnel Pierre-Adrien Pâris - Lycée des métiers du bâtiment, de la construction durable et des travaux publics;Niveau 3;23;2025;2015 - Niveau 3;2020  -  Niveau 3;2025  - Niveau 3;2030;;Public;Besançon;47.26076541960632;5.996840074908477;LYCEE PROFESSIONNEL;Doubs;SANS OBJET;381476060;FAILLENET Béatrice;
0251079M;lycée professionnel;Lycée professionnel Tristan Bernard - Lycée des métiers des services aux entreprises;Niveau 2;20;2025;2018 - Niveau 1;2020  -  Niveau 2;2025  - Niveau 2;2030;;Public;Besançon;47.218021648057224;5.97944976106934;LYCEE PROFESSIONNEL;Doubs;SANS OBJET;381520001;FEUVRIER François;
0250014E;lycée professionnel;Lycée professionnel Condé;Niveau 3;19;2025;2018 - Niveau 2;2021  -  Niveau 3;2025  - Niveau 3;2030;;Public;Besançon;47.23913331546405;6.0170295145774295;LYCEE PROFESSIONNEL;Doubs;SANS OBJET;381826060;GRUSS Virginie;
0251209D;collège;Collège Claude Lorius;Niveau 1;9;2024;2024 - Niveau 1;;;;;Public;Bethoncourt;47.53840507018112;6.80400939043247;COLLEGE;Doubs;SANS OBJET;381966118;BAUDIQUEZ Xavier;
0250348T;école;Ecole primaire;Niveau 3;18;2025;2024 - Niveau 2;2025  -  Niveau 3;2030;;;Public;Chapelle-des-Bois;46.59882440211532;6.115490568382431;ECOLE DE NIVEAU ELEMENTAIRE;Doubs;SANS OBJET;;;
0250368P;école;Pôle scolaire Louise et René ROBBE;Niveau 1;13;2025;2025 - Niveau 1;;;;;Public;Chaux-Neuve;46.6775578883672;6.134825548559394;ECOLE DE NIVEAU ELEMENTAIRE;Doubs;SANS OBJET;;;
0251721K;école;Ecole primaire Arnoux Denise;Niveau 1;10;2025;2015 - Niveau 2;2020  -  Niveau 3;2025  - Niveau 1;2030;;Public;Chemaudin et Vaux;47.22250238827896;5.896623379559966;ECOLE DE NIVEAU ELEMENTAIRE;Doubs;SANS OBJET;;;
0250419V;école;Ecole primaire;Niveau 1;11;2021;2021 - Niveau 1;;;;;Public;Dannemarie-sur-Crète;47.205684797864585;5.869445575492516;ECOLE DE NIVEAU ELEMENTAIRE;Doubs;SANS OBJET;;;
0251263M;lycée agricole;Lycée d'enseignement général, technologique et professionnel agricole de Dannemarie - Besancon;Niveau 2;19;2025;2024 - Niveau 1;2025  -  Niveau 2;2030;;;Public;Dannemarie-sur-Crète;47.200786302542056;5.870700388528962;LYCEE ENS GENERAL TECHNO PROF AGRICOLE;Doubs;SANS OBJET;;;
0251741G;école;Ecole primaire La Combotte;Niveau 1;9;2021;2021 - Niveau 1;;;;;Public;Dasle;47.48343644339903;6.905830264143181;ECOLE DE NIVEAU ELEMENTAIRE;Doubs;SANS OBJET;;;
0250428E;école;Ecole primaire;Niveau 2;20;2025;2025 - Niveau 2;;;;;Public;Devecey;47.327506139617824;6.012639499996495;ECOLE DE NIVEAU ELEMENTAIRE;Doubs;SANS OBJET;;;
0251949H;collège;Collège Lucie Aubrac;Niveau 3;23;2022;2022 - Niveau 3;;;;;Public;Doubs;46.92223306140946;6.3378696839183215;COLLEGE;Doubs;SANS OBJET;381399440;FAREY Monique;
0250447A;école;Ecole primaire;Niveau 1;11;2021;2021 - Niveau 1;;;;;Public;Epeugney;47.117032879520366;6.023910223004713;ECOLE DE NIVEAU ELEMENTAIRE;Doubs;SANS OBJET;;;
0251211F;collège;Collège Paul Langevin;Niveau 2;16;2023;2018 - Niveau 2;2023  -  Niveau 2;;;;Public;Etupes;47.50302825702033;6.854469859787055;COLLEGE;Doubs;SANS OBJET;381942530;DEMOULIN Fabienne;
0250543E;école;Ecole élémentaire;Niveau 3;19;2024;2024 - Niveau 3;;;;;Public;Fournets-Luisans;47.11188023136787;6.561680105938101;ECOLE DE NIVEAU ELEMENTAIRE;Doubs;SANS OBJET;;;
0251333N;école;Ecole élémentaire Xavier Marmier;Niveau 3;18;2022;2021 - Niveau 1;2022  -  Niveau 3;2027;;;Public;Frasne;46.85770168303711;6.159220289108964;ECOLE DE NIVEAU ELEMENTAIRE;Doubs;SANS OBJET;;;
0251375J;collège;Collège des Quatre Terres;Niveau 3;19;2023;2020 - Niveau 2;2023  -  Niveau 3;;;;Public;Hérimoncourt;47.44344929614389;6.884360661804051;COLLEGE;Doubs;SANS OBJET;381361131;BORNE Anne-Lise;
0250560Y;école;Ecole élémentaire Centre;Niveau 1;17;2025;2025 - Niveau 1;;;;;Public;Hérimoncourt;47.43901513701598;6.883439783908682;ECOLE DE NIVEAU ELEMENTAIRE;Doubs;SANS OBJET;;;
0250364K;école;Ecole primaire;Niveau 2;12;2021;2021 - Niveau 2;;;;;Public;La Chaux;47.02257147095475;6.433649596736076;ECOLE DE NIVEAU ELEMENTAIRE;Doubs;SANS OBJET;;;
0251058P;collège;Collège privé Immaculée-Conception;Niveau 3;21;2023;2023 - Niveau 3;;;;;Privé;Le Russey;47.161677930746905;6.727430332451715;COLLEGE;Doubs;CONTRAT D'ASSOCIATION TOUTES CLASSES;381437270;M. GOGUEY William;
0251281G;école;Ecole primaire privée de L'Immaculée-Conception;Niveau 3;21;2023;2023 - Niveau 3;;;;;Privé;Le Russey;47.16238315927857;6.728564100369878;ECOLE DE NIVEAU ELEMENTAIRE;Doubs;CONTRAT D'ASSOCIATION TOUTES CLASSES;;;
0251699L;école;Ecole primaire;Niveau 1;13;2025;2025 - Niveau 1;;;;;Public;Les Fourgs;46.83508568732594;6.399699346830047;ECOLE DE NIVEAU ELEMENTAIRE;Doubs;SANS OBJET;;;
0251053J;collège;Collège privé Saint Joseph;Niveau 1;8;2022;2022 - Niveau 1;;;;;Privé;Maîche;47.251904188167565;6.7971004190796185;COLLEGE;Doubs;CONTRAT D'ASSOCIATION TOUTES CLASSES;381640584;M. BALON Norbert;
0251373G;collège;Collège Mont Miroir;Niveau 1;10;2023;2023 - Niveau 1;;;;;Public;Maîche;47.24949365717478;6.81075970724552;COLLEGE;Doubs;SANS OBJET;381640923;VERGUET Didier;
0250662J;école;Ecole élémentaire intercommunale du Mont d'Or;Niveau 2;14;2025;2025 - Niveau 2;;;;;Public;Métabief;46.773936971187496;6.3500906407772275;ECOLE DE NIVEAU ELEMENTAIRE;Doubs;SANS OBJET;;;
0251057N;collège;Collège privé Saint Maimboeuf;Niveau 3;23;2022;2022 - Niveau 3;;;;;Privé;Montbéliard;47.5109372466527;6.790199366767737;COLLEGE;Doubs;CONTRAT D'ASSOCIATION TOUTES CLASSES;381949179;Mme LABOISSIERE Florence;
0250035C;collège;Collège Guynemer;Niveau 1;8;2021;2021 - Niveau 1;;;;;Public;Montbéliard;47.513469731807824;6.796669389377004;COLLEGE;Doubs;SANS OBJET;381910330;COURANJOU Danièle;
0251395F;collège;Collège Lou Blazer;Niveau 3;22;2024;2019 - Niveau 3;2024  -  Niveau 3;;;;Public;Montbéliard;47.49841073923035;6.791109347380717;COLLEGE;Doubs;SANS OBJET;381982944;BERGER Aurélie;
0250689N;école;Ecole maternelle Gambetta;Niveau 1;7;2022;2022 - Niveau 1;;;;;Public;Montbéliard;47.514318173998866;6.797789830207487;ECOLE MATERNELLE;Doubs;SANS OBJET;;;
0250030X;lycée GT ou polyvalent;Lycée général et technologique Georges Cuvier;Niveau 3;20;2021;2016 - Niveau 3;2021  -  Niveau 3;2026;;;Public;Montbéliard;47.51495688763119;6.803899733041705;LYCEE ENSEIGNT GENERAL ET TECHNOLOGIQUE;Doubs;SANS OBJET;381907740;BRZUSTOWSKI Yves;
0251994G;lycée GT ou polyvalent;Lycée polyvalent Germaine Tillion;Niveau 1;16;2025;2020 - Niveau 1;2025  -  Niveau 1;2030;;;Public;Montbéliard;47.496430329509614;6.809979335811089;LYCEE POLYVALENT;Doubs;SANS OBJET;381998484;CARLIER Frédéric;
0251090Z;collège;Collège Jean-Claude Bouquet - Val de Morteau;Niveau 2;15;2021;2021 - Niveau 2;;;;;Public;Morteau;47.05890598453254;6.608730128646119;COLLEGE;Doubs;SANS OBJET;381676830;CLAPIER Isabelle;
0251671F;lycée GT ou polyvalent;LPO Edgar Faure - Lycée des métiers de la précision et du luxe;Niveau 3;20;2025;2021 - Niveau 1;2022  -  Niveau 2;2025  - Niveau 3;2030;;Public;Morteau;47.06213624017925;6.6073702163599135;LYCEE POLYVALENT;Doubs;SANS OBJET;381676880;FINCK Thierry;
0251054K;collège;Collège privé Jean Bosco;Niveau 2;22;2023;2018 - Niveau 2;2023  -  Niveau 2;;;;Privé;Orchamps-Vennes;47.130870057440845;6.5282795513646965;COLLEGE;Doubs;CONTRAT D'ASSOCIATION TOUTES CLASSES;381435252;Mme LAFFITTE Fabienne;
0251275A;école;Ecole primaire privée Nicolas Busson;Niveau 3;22;2023;2018 - Niveau 2;2023  -  Niveau 3;2028;;;Privé;Orchamps-Vennes;47.130634351815814;6.528059426053708;ECOLE DE NIVEAU ELEMENTAIRE;Doubs;CONTRAT D'ASSOCIATION TOUTES CLASSES;;;
0250747B;école;Ecole élémentaire;Niveau 2;16;2023;2018 - Niveau 1;2023  -  Niveau 2;2028;;;Public;Orchamps-Vennes;47.13001483808965;6.524289706048397;ECOLE DE NIVEAU ELEMENTAIRE;Doubs;SANS OBJET;;;
0251055L;collège;Collège privé Sainte Marie - Saint Michel;Niveau 2;16;2021;2020 - Niveau 1;2021  -  Niveau 2;;;;Privé;Ornans;47.10825709733862;6.140769502180468;COLLEGE;Doubs;CONTRAT D'ASSOCIATION TOUTES CLASSES;381621279;M. BUCHAILLARD Eric;
0251277C;école;Ecole primaire privée Sainte Marie Saint Michel;Niveau 2;16;2021;2020 - Niveau 1;2021  -  Niveau 2;2026;;;Privé;Ornans;47.10846746371695;6.140820036075521;ECOLE DE NIVEAU ELEMENTAIRE;Doubs;CONTRAT D'ASSOCIATION TOUTES CLASSES;;;
0251129S;collège;Collège Pierre Vernier;Niveau 3;23;2025;2012 - Niveau 2;2017  -  Niveau 2;2025  - Niveau 3;2030;;Public;Ornans;47.10307286776727;6.1357498439103555;COLLEGE;Doubs;SANS OBJET;381622501;ORSAT Jean-Marc;
0250843F;école;Ecole primaire;Niveau 1;10;2025;2025 - Niveau 1;;;;;Public;Osselle-Routelle;47.16755644673736;5.852890074528065;ECOLE DE NIVEAU ELEMENTAIRE;Doubs;SANS OBJET;;;
0250764V;école;Ecole primaire;Niveau 2;14;2021;2021 - Niveau 2;;;;;Public;Pelousey;47.27451405041645;5.920070240051001;ECOLE DE NIVEAU ELEMENTAIRE;Doubs;SANS OBJET;;;
0251677M;collège;Collège André Malraux;Niveau 3;19;2023;2018 - Niveau 3;2023  -  Niveau 3;;;;Public;Pontarlier;46.89490782349362;6.365140141835257;COLLEGE;Doubs;SANS OBJET;381468887;FARRUGIA Frédéric;
0251524W;collège;Collège Philippe Grenier;Niveau 2;16;2023;2023 - Niveau 2;;;;;Public;Pontarlier;46.901857813661366;6.353339394754599;COLLEGE;Doubs;SANS OBJET;381391590;BOILLOD-CERNEUX Joël;
0251546V;école;Ecole primaire Charles Péguy;Niveau 1;18;2024;2024 - Niveau 1;;;;;Public;Pontarlier;46.91484447193932;6.357460196743393;ECOLE DE NIVEAU ELEMENTAIRE;Doubs;SANS OBJET;;;
0250043L;lycée GT ou polyvalent;Lycée polyvalent Xavier Marmier;Niveau 3;20;2021;2016 - Niveau 3;2021  -  Niveau 3;2027;;;Public;Pontarlier;46.91502432037641;6.35013944365018;LYCEE POLYVALENT;Doubs;SANS OBJET;381469480;MOREL Pascal;
0251349F;lycée professionnel;Lycée professionnel Toussaint Louverture;Niveau 3;22;2025;2020 - Niveau 3;2025  -  Niveau 3;2030;;;Public;Pontarlier;46.91431466501378;6.343580372214206;LYCEE PROFESSIONNEL;Doubs;SANS OBJET;381390221;ROUILLIER Philippe;
0250047R;collège;Collège Olympe de Gouges;Niveau 2;19;2025;2020 - Niveau 2;2025  -  Niveau 2;;;;Public;Pont-de-Roide-Vermondans;47.39308622394696;6.772410058272304;COLLEGE;Doubs;SANS OBJET;381993838;COURPASSON Carine;
0251673H;collège;Collège Georges Pompidou;Niveau 3;24;2023;2018 - Niveau 3;2023  -  Niveau 3;;;;Public;Pouilley-les-Vignes;47.25638908684044;5.92830010097994;COLLEGE;Doubs;SANS OBJET;381554500;FAGAUT Ludovic;
0250829R;école;Ecole primaire;Niveau 2;17;2022;2020 - Niveau 1;2022  -  Niveau 2;2027;;;Public;Rochejean;46.745647286635275;6.293709610030295;ECOLE DE NIVEAU ELEMENTAIRE;Doubs;SANS OBJET;;;
0250834W;école;Ecole élémentaire Nelson Mandela;Niveau 1;10;2025;2025 - Niveau 1;;;;;Public;Roset-Fluans;47.163055928653236;5.827073072158567;ECOLE DE NIVEAU ELEMENTAIRE;Doubs;SANS OBJET;;;
0250051V;collège;Collège Aigremont;Niveau 3;24;2023;2019 - Niveau 1;2021  -  Niveau 2;2028;;;Public;Roulans;47.318682734756344;6.2271993800905605;COLLEGE;Doubs;SANS OBJET;381555083;VIEIRA José;
0251394E;collège;Collège Jean Jaurès;Niveau 1;21;2024;2011 - Niveau 2;2016  -  Niveau 2;2024  - Niveau 1;2029;;Public;Saint-Vit;47.18347509941953;5.819009994058001;COLLEGE;Doubs;SANS OBJET;381877062;SEGUIN Delphine;
0251452T;école;Ecole primaire Roussey René;Niveau 2;13;2022;2022 - Niveau 2;;;;;Public;Saint-Vit;47.18028425226854;5.805809857275171;ECOLE DE NIVEAU ELEMENTAIRE;Doubs;SANS OBJET;;;
0251061T;collège;Collège privé Sainte Jeanne-Antide;Niveau 2;19;2023;2023 - Niveau 2;;;;;Privé;Sancey;47.3028801834676;6.591839699520523;COLLEGE;Doubs;CONTRAT D'ASSOCIATION TOUTES CLASSES;381868701;M. ROYET Laurent;
0251376K;collège;Collège Entre Deux Velles;Niveau 2;17;2024;2024 - Niveau 2;;;;;Public;Saône;47.225912836100505;6.114149474574617;COLLEGE;Doubs;SANS OBJET;381557222;PICHETTI Marie-Pierre;
0251397H;collège;Collège Les Hautes Vignes;Niveau 2;17;2021;2020 - Niveau 1;2021  -  Niveau 2;;;;Public;Seloncourt;47.47165765562169;6.85640985034442;COLLEGE;Doubs;SANS OBJET;381341066;BARADEL Patrick;
0250056A;collège;Collège Jouffroy d'Abbans;Niveau 3;18;2023;2018 - Niveau 2;2023  -  Niveau 3;;;;Public;Sochaux;47.512047196475024;6.8414497402084065;COLLEGE;Doubs;SANS OBJET;381942478;LOCHET Marie-Aurore -intérim;
0251576C;école;Ecole élémentaire;Niveau 1;11;2021;2021 - Niveau 1;;;;;Public;Thise;47.282472906569126;6.075499348085075;ECOLE DE NIVEAU ELEMENTAIRE;Doubs;SANS OBJET;;;
0251453U;école;Ecole maternelle;Niveau 1;11;2021;2021 - Niveau 1;;;;;Public;Thise;47.282574581946406;6.075130493393727;ECOLE MATERNELLE;Doubs;SANS OBJET;;;
0250912F;école;Ecole primaire;Niveau 1;6;2021;2021 - Niveau 1;;;;;Public;Vaire;47.28301327412082;6.152979395500566;ECOLE DE NIVEAU ELEMENTAIRE;Doubs;SANS OBJET;;;
0251372F;collège;Collège Edgar Faure;Niveau 3;22;2022;2022 - Niveau 3;;;;;Public;Valdahon;47.15209798530859;6.341070610253597;COLLEGE;Doubs;SANS OBJET;381562172;ESTEVE Laurent (DR);
0251428S;école;Ecole maternelle Lavoisier;Niveau 1;7;2021;2021 - Niveau 1;;;;;Public;Valdahon;47.152864918825934;6.339600448961803;ECOLE MATERNELLE;Doubs;SANS OBJET;;;
0250058C;lycée GT ou polyvalent;Lycée général et technologique Armand Peugeot;Niveau 2;17;2022;2020 - Niveau 1;2022  -  Niveau 2;2027;;;Public;Valentigney;47.469764977037784;6.826929961864551;LYCEE ENSEIGNT GENERAL ET TECHNOLOGIQUE;Doubs;SANS OBJET;381307100;LECOMTE Isabelle;
0251062U;collège;Collège privé Sacré-Coeur;Niveau 2;18;2024;2019 - Niveau 2;2024  -  Niveau 2;;;;Privé;Vercel-Villedieu-le-Camp;47.180628452622514;6.394859385406373;COLLEGE;Doubs;CONTRAT D'ASSOCIATION TOUTES CLASSES;381583624;Mme DEAU Sylvie;
0251284K;école;Ecole primaire privée du Sacré-Coeur;Niveau 2;17;2024;2019 - Niveau 2;2024  -  Niveau 2;2029;;;Privé;Vercel-Villedieu-le-Camp;47.180744448255815;6.3953900829013035;ECOLE DE NIVEAU ELEMENTAIRE;Doubs;CONTRAT D'ASSOCIATION TOUTES CLASSES;;;
0700122C;école;Ecole maternelle;Niveau 1;10;2024;2024 - Niveau 1;;;;;Public;Arpenans;47.615181126010214;6.407840810209495;ECOLE MATERNELLE;Haute-Saône;SANS OBJET;;;
0700123D;école;POLE EDUCATIF;Niveau 1;14;2024;2024 - Niveau 1;;;;;Public;Athesans-Etroitefontaine;47.595797806493124;6.508604877876038;ECOLE DE NIVEAU ELEMENTAIRE;Haute-Saône;SANS OBJET;;;
0700128J;école;POLE EDUCATIF;Niveau 3;24;2024;2019 - Niveau 2;2024  -  Niveau 3;2029;;;Public;Authoison;47.488759077252745;6.142085811125789;ECOLE DE NIVEAU ELEMENTAIRE;Haute-Saône;SANS OBJET;;;
0700135S;école;Ecole élémentaire;Niveau 1;10;2023;2023 - Niveau 1;;;;;Public;Auxon;47.68332478609222;6.166122248575956;ECOLE DE NIVEAU ELEMENTAIRE;Haute-Saône;SANS OBJET;;;
0700168C;école;ECOLE MATERNELLE PUBLIQUE;Niveau 1;10;2023;2023 - Niveau 1;;;;;Public;Bougnon;47.69311886582002;6.108676566303897;ECOLE MATERNELLE;Haute-Saône;SANS OBJET;;;
0700980K;école;Ecole élémentaire;Niveau 1;10;2023;2023 - Niveau 1;;;;;Public;Breuches;47.79838625631621;6.32766841299885;ECOLE DE NIVEAU ELEMENTAIRE;Haute-Saône;SANS OBJET;;;
0700183U;école;Ecole élémentaire Marc Roussel;Niveau 1;14;2023;2023 - Niveau 1;;;;;Public;Breuchotte;47.836887021324316;6.468023557185878;ECOLE DE NIVEAU ELEMENTAIRE;Haute-Saône;SANS OBJET;;;
0700895T;collège;Collège Victor Schoelcher;Niveau 3;19;2021;2013 - Niveau 2;2018  -  Niveau 2;2026;;;Public;Champagney;47.70685687038422;6.676354474901233;COLLEGE;Haute-Saône;SANS OBJET;384279670;KLATT Sylvie;
0700256Y;école;Ecole élémentaire;Niveau 3;20;2024;2024 - Niveau 3;;;;;Public;Colombe-lès-Vesoul;47.61523928762002;6.213454966059832;ECOLE DE NIVEAU ELEMENTAIRE;Haute-Saône;SANS OBJET;;;
0700004Z;collège;Collège Gaston Ramon;Niveau 3;23;2025;2020 - Niveau 3;2025  -  Niveau 3;;;;Public;Dampierre-sur-Salon;47.56301972839108;5.670687147440438;COLLEGE;Haute-Saône;SANS OBJET;384671221;LONCHAMPT Erika;
0700378F;école;Ecole primaire;Niveau 1;13;2024;2024 - Niveau 1;;;;;Public;Fallon;47.507139209052276;6.482617879891023;ECOLE DE NIVEAU ELEMENTAIRE;Haute-Saône;SANS OBJET;;;
0700868N;école;Ecole primaire du Centre;Niveau 1;17;2025;2025 - Niveau 1;;;;;Public;Faucogney-et-la-Mer;47.840932972541786;6.562787422256906;ECOLE DE NIVEAU ELEMENTAIRE;Haute-Saône;SANS OBJET;;;
0700006B;collège;Collège Louis Pergaud;Niveau 3;20;2023;2011 - Niveau 2;2016  -  Niveau 2;2023  - Niveau 3;2028;;Public;Faverney;47.76550186138986;6.103944896190523;COLLEGE;Haute-Saône;SANS OBJET;384913191;LEVAIN Stéphane;
0700390U;école;Ecole élémentaire;Niveau 2;15;2024;2024 - Niveau 2;;;;;Public;Flagy;47.699125698591835;6.189450499105135;ECOLE DE NIVEAU ELEMENTAIRE;Haute-Saône;SANS OBJET;;;
0700007C;collège;Collège des Combelles;Niveau 2;20;2023;2023 - Niveau 2;;;;;Public;Fougerolles-Saint-Valbert;47.88246645007131;6.40573910352443;COLLEGE;Haute-Saône;SANS OBJET;384491102;COLLINET Jérôme;
0700870R;école;Ecole primaire Les Fougères;Niveau 3;19;2023;2023 - Niveau 3;;;;;Public;Fougerolles-Saint-Valbert;47.88515141202102;6.406185907902108;ECOLE DE NIVEAU ELEMENTAIRE;Haute-Saône;SANS OBJET;;;
0700422D;école;Ecole primaire du Centre;Niveau 2;12;2023;2023 - Niveau 2;;;;;Public;Fresse;47.75712296153602;6.657942327974852;ECOLE DE NIVEAU ELEMENTAIRE;Haute-Saône;SANS OBJET;;;
0700010F;collège;Collège Romé de l'Isle;Niveau 2;14;2024;2019 - Niveau 1;2024  -  Niveau 2;;;;Public;Gray;47.433988951919375;5.591925752331434;COLLEGE;Haute-Saône;SANS OBJET;384652701;LE POSTOLLEC Gaëlle;
0700904C;collège;Collège Robert et Sonia Delaunay;Niveau 1;10;2023;2018 - Niveau 2;2023  -  Niveau 1;;;;Public;Gray;47.44772826062615;5.581003682166252;COLLEGE;Haute-Saône;SANS OBJET;384648421;OUAKED Malika;
0700009E;lycée GT ou polyvalent;Lycée polyvalent Augustin Cournot;Niveau 1;11;2024;2024 - Niveau 1;;;;;Public;Gray;47.44505140944856;5.588386600034317;LYCEE POLYVALENT;Haute-Saône;SANS OBJET;384650701;GRANDMOUGIN Marie-Jeanne;
0700011G;lycée professionnel;Lycée professionnel Henri Fertet - Lycée des métiers du transport routier et des services de l'automobile;Niveau 1;19;2024;2024 - Niveau 1;;2030;;;Public;Gray;47.44369622751044;5.595165067676296;LYCEE PROFESSIONNEL;Haute-Saône;SANS OBJET;384656540;CHERGUI Toufik;
0700013J;collège;Collège Raymond Gueux;Niveau 2;12;2023;2018 - Niveau 2;2023  -  Niveau 2;;;;Public;Gy;47.405673200171286;5.809172629023752;COLLEGE;Haute-Saône;SANS OBJET;384328522;MUSIAUX Vincent;
0701082W;école;POLE EDUCATIF;Niveau 1;11;2025;2020 - Niveau 1;2025  -  Niveau 1;2030;;;Public;Gy;47.40669274273975;5.806268541153473;ECOLE DE NIVEAU ELEMENTAIRE;Haute-Saône;SANS OBJET;;;
0700787A;collège;Collège Pierre et Marie Curie;Niveau 2;15;2025;2021 - Niveau 1;2025  -  Niveau 2;;;;Public;Héricourt;47.58351364721891;6.762087449574923;COLLEGE;Haute-Saône;SANS OBJET;384466580;DISLY Nathalie;
0700470F;école;Ecole primaire Groupe scolaire A. Borey;Niveau 1;10;2021;2021- Niveau 1;;;;;Public;Héricourt;47.57742558825272;6.763062132179242;ECOLE DE NIVEAU ELEMENTAIRE;Haute-Saône;SANS OBJET;;;
0701035V;lycée GT ou polyvalent;LPO Louis Aragon - Lycée des métiers de l'énergie et du développement durable;Niveau 3;23;2023;2018 - Niveau 3;2023  -  Niveau 3;2028;;;Public;Héricourt;47.57396292911798;6.761651551556125;LYCEE POLYVALENT;Haute-Saône;SANS OBJET;384567272;BOULAT Christophe;
0700016M;collège;Collège Louis Pasteur;Niveau 2;17;2022;2020 - Niveau 1;2022  -  Niveau 2;;;;Public;Jussey;47.826855943173214;5.902948756018286;COLLEGE;Haute-Saône;SANS OBJET;384681123;MAUREL Rémi;
0700276V;école;POLE EDUCATIF;Niveau 2;15;2025;2020 - Niveau 2;2025  -  Niveau 2;2030;;;Public;La Côte;47.68991529413166;6.569783538479066;ECOLE DE NIVEAU ELEMENTAIRE;Haute-Saône;SANS OBJET;;;
0700018P;lycée GT ou polyvalent;Lycée polyvalent Georges Colomb;Niveau 3;24;2023;2021 - Niveau 2;2023  -  Niveau 3;2028;;;Public;Lure;47.68780163531566;6.498125649612553;LYCEE POLYVALENT;Haute-Saône;SANS OBJET;384890380;DROUIN Fabrice;
0700986S;école;Ecole primaire du Mont Valot;Niveau 2;13;2021;2021 - Niveau 2;;;;;Public;Luxeuil-les-Bains;47.81818559159227;6.389907568261446;ECOLE DE NIVEAU ELEMENTAIRE;Haute-Saône;SANS OBJET;;;
0701078S;lycée GT ou polyvalent;Lycée polyvalent Lumière;Niveau 3;21;2020;2014 - Niveau 2;2019  -  Perte;2020  - Niveau 3;2026;;Public;Luxeuil-les-Bains;47.82506339598689;6.377900638923183;LYCEE POLYVALENT;Haute-Saône;SANS OBJET;384402121;FILET Pierre;
0700026Y;collège;Collège Albert Mathiez;Niveau 3;17;2024;2023 - Niveau 2;2024  -  Niveau 3;;;;Public;Marnay;47.2932177982469;5.773709441630285;COLLEGE;Haute-Saône;SANS OBJET;384317022;MARCHAND Christophe;
0700612K;école;Ecole maternelle;Niveau 1;8;2023;2023 - Niveau 1;;;;;Public;Meurcourt;47.772544044882444;6.23199043565809;ECOLE MATERNELLE;Haute-Saône;SANS OBJET;;;
0700618S;école;ECOLE ELEMENTAIRE PUBLIQUE;Niveau 1;11;2024;2024 - Niveau 1;;;;;Public;Mollans;47.64900688350144;6.370776769554912;ECOLE DE NIVEAU ELEMENTAIRE;Haute-Saône;SANS OBJET;;;
0700625Z;école;POLE EDUCATIF;Niveau 2;12;2024;2024 - Niveau 2;;;;;Public;Montbozon;47.467487078380145;6.244770441400045;ECOLE DE NIVEAU ELEMENTAIRE;Haute-Saône;SANS OBJET;;;
0700939R;école;ECOLE ELEMENTAIRE PUBLIQUE;Niveau 2;15;2024;2024 - Niveau 2;;;;;Public;Neurey-en-Vaux;47.74569770525824;6.204939369168984;ECOLE DE NIVEAU ELEMENTAIRE;Haute-Saône;SANS OBJET;;;
0701036W;collège;Collège René Cassin;Niveau 3;24;2023;2019 - Niveau 1;2023  -  Niveau 3;;;;Public;Noidans-lès-Vesoul;47.616701980177375;6.129958733539525;COLLEGE;Haute-Saône;SANS OBJET;384767071;VAUFREY Emmanuelle;
0700990W;école;Ecole primaire Jules Vallès;Niveau 1;10;2024;2019 - Niveau 1;2024  -  Niveau 1;2029;;;Public;Noidans-lès-Vesoul;47.61313809866319;6.130606301682885;ECOLE DE NIVEAU ELEMENTAIRE;Haute-Saône;SANS OBJET;;;
0700569N;école;POLE EDUCATIF;Niveau 1;8;2023;2013 - Niveau 1;;;;;Public;Perrouse;47.36230533647123;6.050709006023474;ECOLE DE NIVEAU ELEMENTAIRE;Haute-Saône;SANS OBJET;;;
0701169R;école;Ecole élémentaire publique;Niveau 2;16;2021;2021 - Niveau 2;;;;;Public;Plancher-Bas;47.72127842388303;6.733247425958634;ECOLE DE NIVEAU ELEMENTAIRE;Haute-Saône;SANS OBJET;;;
0700651C;école;Ecole primaire;Niveau 1;10;2024;2024 - Niveau 1;;;;;Public;Quincey;47.61063946402315;6.187802908622886;ECOLE DE NIVEAU ELEMENTAIRE;Haute-Saône;SANS OBJET;;;
0700887J;école;Ecole primaire;Niveau 2;14;2023;2023 - Niveau 2;;;;;Public;Raddon-et-Chapendu;47.84169499791652;6.468783027466193;ECOLE DE NIVEAU ELEMENTAIRE;Haute-Saône;SANS OBJET;;;
0700029B;collège;Collège Jules Jeanneney;Niveau 3;20;2021;2021 - Niveau 3;;;;;Public;Rioz;47.42645329560967;6.06994094556371;COLLEGE;Haute-Saône;SANS OBJET;384918199;PETTER Pierre-Philippe;
0700873U;école;POLE EDUCATIF;Niveau 1;10;2024;2024 - Niveau 1;;;;;Public;Roye;47.674364640829516;6.535839872089923;ECOLE DE NIVEAU ELEMENTAIRE;Haute-Saône;SANS OBJET;;;
0700937N;école;POLE EDUCATIF;Niveau 1;12;2023;2023 - Niveau 1;;;;;Public;Saint-Barthélemy;47.746163598585156;6.585924768546108;ECOLE DE NIVEAU ELEMENTAIRE;Haute-Saône;SANS OBJET;;;
0700788B;collège;Collège André Masson;Niveau 3;24;2024;2019 - Niveau 3;2024  -  Niveau 3;;;;Public;Saint-Loup-sur-Semouse;47.88494769327435;6.280997557632508;COLLEGE;Haute-Saône;SANS OBJET;384490079;VERNOTTE Laurence;
0700995B;école;Ecole primaire Mont Pautet;Niveau 1;18;2023;2023 - Niveau 1;;;;;Public;Saint-Loup-sur-Semouse;47.89030460284139;6.2717665693327485;ECOLE DE NIVEAU ELEMENTAIRE;Haute-Saône;SANS OBJET;;;
0701118K;école;Ecole primaire du Centre;Niveau 1;16;2023;2023 - Niveau 1;;;;;Public;Saint-Loup-sur-Semouse;47.88521944991752;6.274429973837437;ECOLE DE NIVEAU ELEMENTAIRE;Haute-Saône;SANS OBJET;;;
0700894S;collège;Collège Chateau Rance;Niveau 3;21;2024;2019 - Niveau 1;2022  -  Niveau 2;2029;;;Public;Scey-sur-Saône-et-Saint-Albin;47.665605074205004;5.970444963409153;COLLEGE;Haute-Saône;SANS OBJET;384688708;SAUZAY François;
0700320T;école;POLE EDUCATIF;Niveau 1;10;2024;2019 - Niveau 1;2014  -  Niveau 1;2029;;;Public;Vellefaux;47.55727061719647;6.13793750133343;ECOLE DE NIVEAU ELEMENTAIRE;Haute-Saône;SANS OBJET;;;
0701038Y;école;Ecole maternelle;Niveau 2;15;2024;2024 - Niveau 2;;;;;Public;Vellefrie;47.70527026856964;6.220333834427508;ECOLE MATERNELLE;Haute-Saône;SANS OBJET;;;
0701088C;école;ECOLE PRIMAIRE MATISSE;Niveau 1;9;2025;2025 - Niveau 1;;;;;Public;Vesoul;47.625508014359184;6.159631737754391;ECOLE DE NIVEAU ELEMENTAIRE;Haute-Saône;SANS OBJET;;;
0700981L;école;Ecole élémentaire du Boulevard;Niveau 1;11;2024;2024 - Niveau 1;;;;;Public;Vesoul;47.61488102772134;6.15249985505244;ECOLE DE NIVEAU ELEMENTAIRE;Haute-Saône;SANS OBJET;;;
0701110B;école;Ecole primaire Pablo Picasso;Niveau 1;11;2024;2024 - Niveau 1;;;;;Public;Vesoul;47.63664949586863;6.163719621015988;ECOLE DE NIVEAU ELEMENTAIRE;Haute-Saône;SANS OBJET;;;
0701112D;école;Ecole élémentaire Repes Sud;Niveau 2;16;2021;2021 - Niveau 2;;;;;Public;Vesoul;47.63811603515154;6.168171615256503;ECOLE DE NIVEAU ELEMENTAIRE;Haute-Saône;SANS OBJET;;;
0700738X;école;Ecole maternelle de la Banque;Niveau 1;7;2024;2014 - Niveau 1;;;;;Public;Vesoul;47.61871147832428;6.153295063382088;ECOLE MATERNELLE;Haute-Saône;SANS OBJET;;;
0701111C;école;Ecole maternelle Jean Morel-Les Repes;Niveau 2;15;2024;2024 - Niveau 2;;;;;Public;Vesoul;47.640285294896586;6.168932252433486;ECOLE MATERNELLE;Haute-Saône;SANS OBJET;;;
0701052N;lycée GT ou polyvalent;Lycée général et technologique Les Haberges;Niveau 3;11;2023;2021 - Niveau 1;2023  -  Niveau 3;2028;;;Public;Vesoul;47.63005417704682;6.141181735001413;LYCEE ENSEIGNT GENERAL ET TECHNOLOGIQUE;Haute-Saône;SANS OBJET;384971720;ROINARD Jérôme;
0700905D;lycée GT ou polyvalent;Lycée polyvalent Edouard Belin - Lycée des métiers de l'ingénierie numérique;Niveau 3;21;2022;2021 - Niveau 1;2022  -  Niveau 3;2027;;;Public;Vesoul;47.632837245409206;6.164748928669462;LYCEE POLYVALENT;Haute-Saône;SANS OBJET;384755323;INGELAERE Raynald;
0700038L;lycée professionnel;Lycée professionnel Luxembourg;Niveau 3;16;2023;2020 - Niveau 1;2021  -  Niveau 2;2023  - Niveau 3;2028;;Public;Vesoul;47.62026965332423;6.1507690335042335;LYCEE PROFESSIONNEL;Haute-Saône;SANS OBJET;384973100;BAULU Laurence;
0700882D;lycée professionnel;Lycée professionnel Pontarcher;Niveau 1;15;2025;2025 - Niveau 1;;;;;Public;Vesoul;47.63513687074172;6.168774336827065;LYCEE PROFESSIONNEL;Haute-Saône;SANS OBJET;384970333;GIRARD Philippe;
0700896U;collège;Collège Louis Pergaud;Niveau 2;15;2022;2011 - Niveau 2;2016  -  Perte;2027;;;Public;Villersexel;47.54902304705946;6.432082308638045;COLLEGE;Haute-Saône;SANS OBJET;384203461;CLERGET Élodie;
0700765B;école;Ecole primaire;Niveau 2;16;2023;2023 - Niveau 2;;;;;Public;Villers-le-Sec;47.599229638753;6.217983888078447;ECOLE DE NIVEAU ELEMENTAIRE;Haute-Saône;SANS OBJET;;;
0700772J;école;POLE EDUCATIF;Niveau 3;18;2025;2020 - Niveau 3;2025  -  Niveau 3;2030;;;Public;Vitrey-sur-Mance;47.81459547981169;5.759306176688866;ECOLE DE NIVEAU ELEMENTAIRE;Haute-Saône;SANS OBJET;;;
0390960G;collège;Collège Pasteur;Niveau 3;22;2022;2019 - Niveau 2;2022  -  Niveau 3;;;;Public;Arbois;46.90343265763138;5.774440348000051;COLLEGE;Jura;SANS OBJET;384661443;FRANZETTI Isabelle;territoire3
0391073E;école;Ecole primaire d'ARBOIS;Niveau 2;17;2023;2023 - Niveau 2;;;;;Public;Arbois;46.90481339003123;5.774194363355818;ECOLE DE NIVEAU ELEMENTAIRE;Jura;SANS OBJET;;;territoire3
0390142T;école;Ecole élémentaire;Niveau 2;19;2023;2023 - Niveau 2;;;;;Public;Arinthod;46.39402583155151;5.561259636762939;ECOLE DE NIVEAU ELEMENTAIRE;Jura;SANS OBJET;;;
0390145W;école;Ecole primaire;Niveau 1;15;2025;2020 - Niveau 2;2025  -  Niveau 1;2030;;;Public;Aromas;46.291980747140144;5.482445260926337;ECOLE DE NIVEAU ELEMENTAIRE;Jura;SANS OBJET;;;
0390582W;école;Ecole primaire;Niveau 2;17;2024;2019 - Niveau 2;2024  -  Niveau 2;2029;;;Public;Aumont;46.9102637370465;5.633279347385067;ECOLE DE NIVEAU ELEMENTAIRE;Jura;SANS OBJET;;;
0390397V;école;Ecole primaire;Niveau 1;8;2021;2021 - Niveau 1;;;;;Public;Belmont;47.01563984493925;5.595540193348876;ECOLE DE NIVEAU ELEMENTAIRE;Jura;SANS OBJET;;;
0390004T;collège;Collège du Parc;Niveau 2;15;2024;2019 - Niveau 2;2024  -  Niveau 2;;;;Public;Bletterans;46.743708419726936;5.456439513939872;COLLEGE;Jura;SANS OBJET;384850237;BACART Florence;
0390512V;école;Ecole élémentaire BLETTERANS;Niveau 3;19;2023;2023 - Niveau 3;;;;;Public;Bletterans;46.746577711663996;5.453020543095183;ECOLE DE NIVEAU ELEMENTAIRE;Jura;SANS OBJET;;;
0391239K;école;ECOLE PRIMAIRE CHAMBLAY;Niveau 1;10;2022;2022 - Niveau 1;;;;;Public;Chamblay;46.9966037660771;5.710356510789877;ECOLE DE NIVEAU ELEMENTAIRE;Jura;SANS OBJET;;;
0390075V;collège;Collège privé Jeanne d'Arc;Niveau 3;18;2024;2024 - Niveau 3;;;;;Privé;Champagnole;46.745524892001384;5.905279967616247;COLLEGE;Jura;CONTRAT D'ASSOCIATION TOUTES CLASSES;384527086;Mme BERNARD Elodie;
0390803L;école;Ecole primaire privée Jeanne d'Arc;Niveau 2;16;2025;2025 - Niveau 2;;;;;Privé;Champagnole;46.745630979424384;5.905360360814038;ECOLE DE NIVEAU ELEMENTAIRE;Jura;CONTRAT D'ASSOCIATION TOUTES CLASSES;;;
0390091M;lycée GT ou polyvalent;Lycée général et technologique privé Jeanne d'Arc;Niveau 3;21;2025;2025 - Niveau 3;;;;;Privé;Champagnole;46.7457476765003;5.905519967247963;LYCEE ENSEIGNT GENERAL ET TECHNOLOGIQUE;Jura;CONTRAT D'ASSOCIATION TOUTES CLASSES;384527070;Mme BERNARD Elodie;
0390929Y;école;Ecole maternelle Valentenouze;Niveau 1;11;2025;2020 - Niveau 1;2025  -  Niveau 1;2030;;;Public;Champagnole;46.75182797541441;5.895450268202047;ECOLE MATERNELLE;Jura;SANS OBJET;;;
0391092A;lycée GT ou polyvalent;Lycée polyvalent Paul-Emile Victor - Lycée des métiers du social et de l'industrie 4.0;Niveau 3;21;2024;2014 - Niveau 2;2019  -  Perte;2024  - Niveau 3;2029;;Public;Champagnole;46.743738337322505;5.924580087813286;LYCEE POLYVALENT;Jura;SANS OBJET;384531000;CAPRISTO Rosine;
0390514X;école;Ecole primaire;Niveau 2;14;2024;2024 - Niveau 2;;;;;Public;Chapelle-Voland;46.80200998834724;5.377670549158503;ECOLE DE NIVEAU ELEMENTAIRE;Jura;SANS OBJET;;;
0390526K;école;Ecole primaire;Niveau 3;20;2023;2023 - Niveau 3;;;;;Public;Chaumergy;46.84681911848071;5.478529710738746;ECOLE DE NIVEAU ELEMENTAIRE;Jura;SANS OBJET;;;
0390009Y;collège;Collège des Lacs;Niveau 3;20;2024;2014 - Niveau 2;2019  -  Niveau 1;2029;;;Public;Clairvaux-les-Lacs;46.57421041228855;5.755289849794156;COLLEGE;Jura;SANS OBJET;384258302;PERRIN Nicole;
0390055Y;EREA;Etablissement régional d'enseignement adapté La Moraine;Niveau 2;13;2021;2021 - Niveau 2;;;;;Public;Crotenay;46.7556660194734;5.810190131096328;ETAB REGIONAL/LYCEE ENSEIGNEMENT ADAPTE;Jura;SANS OBJET;;DURBAN Christophe;
0390010Z;collège;Collège Jean Jaurès;Niveau 2;17;2024;2018 - Niveau 1;2023  -  Perte;2029;;;Public;Damparis;47.068157830450474;5.414599444546968;COLLEGE;Jura;SANS OBJET;384811801;GARRET Karim;
0391065W;école;Ecole élémentaire Paul Langevin;Niveau 3;22;2025;2020 - Niveau 3;2025  -  Niveau 3;2030;;;Public;Damparis;47.06995168682673;5.415739706445661;ECOLE DE NIVEAU ELEMENTAIRE;Jura;SANS OBJET;;;
0390348S;école;Ecole maternelle Joliot-Curie;Niveau 1;10;2021;2021 - Niveau 1;;;;;Public;Damparis;47.06930945639711;5.413929875971441;ECOLE MATERNELLE;Jura;SANS OBJET;;;
0391002C;collège;Collège privé Notre-Dame de Mont Roland;Niveau 2;16;2025;2020 - Niveau 2;2025  -  Niveau 2;;;;Privé;Dole;47.09294508635778;5.48992044872004;COLLEGE;Jura;CONTRAT D'ASSOCIATION TOUTES CLASSES;384794810;M. RIANT Olivier;
0390012B;lycée GT ou polyvalent;Lycée général Charles Nodier;Niveau 3;21;2024;2019 - Niveau 3;2024  -  Niveau 3;2029;;;Public;Dole;47.090376124524894;5.493179464618114;LYCEE D ENSEIGNEMENT GENERAL;Jura;SANS OBJET;384790099;PARENT Daniel;
0390013C;lycée GT ou polyvalent;Lycée polyvalent Jacques Duhamel;Niveau 3;19;2023;2023 - Niveau 3;;;;;Public;Dole;47.081704144203584;5.470800244287747;LYCEE POLYVALENT;Jura;SANS OBJET;384797800;NEVES Antoine;
0390015E;lycée professionnel;Lycée professionnel Jacques Prévert - Lycée des métiers de la mode, de la beauté et du bien-être;Niveau 2;19;2025;2020 - Niveau 2;2025  -  Niveau 2;2030;;;Public;Dole;47.088661808026224;5.489050019734192;LYCEE PROFESSIONNEL;Jura;SANS OBJET;384796263;BLOSCH Lysiane;
0390126A;école;Ecole primaire;Niveau 1;17;2025;2025 - Niveau 1;;;;;Public;Domblans;46.765209652277065;5.597517196820808;ECOLE DE NIVEAU ELEMENTAIRE;Jura;SANS OBJET;;;
0390016F;collège;Collège Gustave Eiffel;Niveau 2;15;2024;2019 - Niveau 2;2024  -  Niveau 2;;;;Public;Fraisans;47.1469917449159;5.769149587423718;COLLEGE;Jura;SANS OBJET;384794949;MARTIN Pascale;
0390028U;collège;Collège Pierre-Hyacinthe Cazeaux;Niveau 2;13;2022;2022 - Niveau 2;;;;;Public;Hauts de Bienne;46.51894080971157;6.025469973975638;COLLEGE;Jura;SANS OBJET;384341360;JACQUET Arnaud;
0390027T;lycée GT ou polyvalent;LPO Victor Bérard - Lycée des métiers de l'optique et des microtechniques;Niveau 3;22;2025;2013 - Niveau 2;2018  -  Niveau 2;2020  - Niveau 3;2025  - Niveau 3;2030;Public;Hauts de Bienne;46.51755992003473;6.026710374570765;LYCEE POLYVALENT;Jura;SANS OBJET;384341700;FLAMME Christine;
0391167G;école;Ecole primaire;Niveau 2;15;2024;2019 - Niveau 1;2024  -  Niveau 2;2029;;;Public;Le Fied;46.766019098680054;5.719609374622398;ECOLE DE NIVEAU ELEMENTAIRE;Jura;SANS OBJET;;;
0391095D;école;Ecole maternelle;Niveau 1;11;2025;2025 - Niveau 1;;;;;Public;L'Etoile;46.715953153277354;5.535120447653763;ECOLE MATERNELLE;Jura;SANS OBJET;;;
0390858W;école;Ecole primaire privée La Salle;Niveau 2;14;2023;2023 - Niveau 2;;;;;Privé;Lons-le-Saunier;46.67058587221734;5.550310374486776;ECOLE DE NIVEAU ELEMENTAIRE;Jura;CONTRAT D'ASSOCIATION TOUTES CLASSES;;;
0390022M;collège;Collège Aristide Briand;Niveau 2;15;2021;2019 - Niveau 1;2021  -  Niveau 2;;;;Public;Lons-le-Saunier;46.66968941337521;5.550840205004013;COLLEGE;Jura;SANS OBJET;384871868;JACOB Hervé;
0391129R;école;Ecole élémentaire Richebourg;Niveau 1;7;2023;2023 - Niveau 1;;;;;Public;Lons-le-Saunier;46.67821341136807;5.558049403704746;ECOLE DE NIVEAU ELEMENTAIRE;Jura;SANS OBJET;;;
0390815Z;école;Ecole primaire Bernard Clavel;Niveau 2;17;2024;2024 - Niveau 2;;;;;Public;Lons-le-Saunier;46.6682591852172;5.545309356966522;ECOLE DE NIVEAU ELEMENTAIRE;Jura;SANS OBJET;;;
0391130S;école;Ecole maternelle Richebourg;Niveau 1;7;2023;2023 - Niveau 1;;;;;Public;Lons-le-Saunier;46.67849145605841;5.557579502365208;ECOLE MATERNELLE;Jura;SANS OBJET;;;
0390563A;école;Ecole maternelle Jacques Prévert;Niveau 3;18;2025;2025 - Niveau 3;;;;;Public;Lons-le-Saunier;46.67416222816976;5.569970520203303;ECOLE MATERNELLE;Jura;SANS OBJET;;;
0390809T;lycée agricole;Lycée d'enseignement général et technologique agricole de  Mancy - Lons-le-Saunier;Niveau 2;20;2025;2024 - Niveau 1;2025  -  Niveau 2;2030;;;Public;Lons-le-Saunier;46.66420822630279;5.548173831267417;LYCEE ENSEIGNT GENERAL ET TECHNOLOGIQUE;Jura;SANS OBJET;;;
0390019J;lycée GT ou polyvalent;Lycée général et technologique Jean Michel;Niveau 3;18;2022;2022 - Niveau 3;;;;;Public;Lons-le-Saunier;46.67956487504604;5.551289490126576;LYCEE ENSEIGNT GENERAL ET TECHNOLOGIQUE;Jura;SANS OBJET;384352600;COUTROT Jérôme;
0390020K;lycée professionnel;Lycée professionnel Le Corbusier-Bâtiment;Niveau 3;22;2025;2023 - Niveau 2;2025  -  Niveau 3;2030;;;Public;Lons-le-Saunier;46.67909087933176;5.564020220168707;LYCEE PROFESSIONNEL;Jura;SANS OBJET;384861313;VAUCHEZ Philippe;
0390021L;lycée professionnel;Lycée professionnel Montciel;Niveau 3;22;2024;2023 - Niveau 2;2024  -  Niveau 3;2029;;;Public;Lons-le-Saunier;46.67173741278442;5.541739725968786;LYCEE PROFESSIONNEL;Jura;SANS OBJET;384856500;VILLELLA Antoni;
0390025R;collège;Collège Pierre Vernotte;Niveau 3;19;2021;2013 - Niveau 2;2018  -  Niveau 2;2026;;;Public;Moirans-en-Montagne;46.43691520532894;5.721950170115803;COLLEGE;Jura;SANS OBJET;384420149;GEOFFROY Isabelle;
0390403B;école;Ecole primaire;Niveau 2;19;2025;2025 - Niveau 2;;;;;Public;Montbarrey;47.01958738639607;5.640490609432373;ECOLE DE NIVEAU ELEMENTAIRE;Jura;SANS OBJET;;;
0390601S;école;Ecole primaire;Niveau 2;17;2024;2019 - Niveau 2;2024  -  Niveau 2;2029;;;Public;Montholier;46.89809980721762;5.64461966829195;ECOLE DE NIVEAU ELEMENTAIRE;Jura;SANS OBJET;;;
0390810U;lycée agricole;Lycée d'enseignement général et technologique agricole de Lons Le Saunier - Montmorot;Niveau 3;22;2024;2024 - Niveau 3;;;;;Public;Montmorot;46.689367915987745;5.510970533801388;LYCEE ENSEIGNT GENERAL ET TECHNOLOGIQUE;Jura;SANS OBJET;;;
0390997X;collège;Collège Jules Grévy;Niveau 3;22;2022;2013 - Niveau 2;2018  -  Niveau 2;2027;;;Public;Mont-sous-Vaudrey;46.98237367694576;5.60526994804134;COLLEGE;Jura;SANS OBJET;384717622;ROBEZ MASSON Agnès;
0390029V;lycée GT ou polyvalent;Lycée polyvalent des métiers du bois;Niveau 3;18;2022;2017 - Niveau 3;2022  -  Niveau 3;2027;;;Public;Mouchard;46.971145237574255;5.796519803149464;LYCEE POLYVALENT;Jura;SANS OBJET;384737400;DEVILLERS-BRAUN Valéry;
0390784R;collège;Collège Gilbert Cousin;Niveau 2;17;2023;2011 - Niveau 2;2016  -  Perte;2028;;;Public;Nozeroy;46.779338290770895;6.0462605835345515;COLLEGE;Jura;SANS OBJET;384511347;DEBRAND Arnaud;
0390031X;collège;Collège Michel Brezillon;Niveau 2;14;2023;2014 - Niveau 2;2019  -  Niveau 1;2028;;;Public;Orgelet;46.52268589979346;5.614600254500371;COLLEGE;Jura;SANS OBJET;384254066;BURTIN Virginie;
0390200F;école;Ecole primaire;Niveau 1;6;2025;2025 - Niveau 1;;;;;Public;Poids-de-Fiole;46.596582181476606;5.62837970447896;ECOLE DE NIVEAU ELEMENTAIRE;Jura;SANS OBJET;;;
0390798F;collège;Collège Jules Grevy;Niveau 3;22;2024;2014 - Niveau 2;2019  -  Niveau 3;2029;;;Public;Poligny;46.837575759175536;5.698159553326336;COLLEGE;Jura;SANS OBJET;384371261;TUPIN Jérôme;
0391081N;école;Ecole élémentaire Jacques Brel;Niveau 2;13;2023;2023 - Niveau 2;;;;;Public;Poligny;46.83437833866053;5.706790593548762;ECOLE DE NIVEAU ELEMENTAIRE;Jura;SANS OBJET;;;
0391086U;école;Ecole Thomas Pesquet;Niveau 1;10;2025;2025 - Niveau 1;;;;;Public;Poligny;46.83897406062995;5.703833895626368;ECOLE MATERNELLE;Jura;SANS OBJET;;;
0390033Z;lycée GT ou polyvalent;Lycée polyvalent Hyacinthe Friant - Lycée des métiers de l'hôtellerie, de la restauration et du sanitaire et du social;Niveau 3;23;2024;2014 - Niveau 2;2019  -  Niveau 3;2024  - Niveau 3;2029;;Public;Poligny;46.8348153018462;5.7092003820372845;LYCEE POLYVALENT;Jura;SANS OBJET;384372134;PELLIGAND Nathalie;
0390671T;école;Ecole primaire de la Vallée de l'Ain;Niveau 1;10;2025;2025 - Niveau 1;;;;;Public;Pont-de-Poitte;46.583510936560785;5.695509844636605;ECOLE DE NIVEAU ELEMENTAIRE;Jura;SANS OBJET;;;
0390523G;école;Ecole primaire;Niveau 3;21;2024;2019 - Niveau 2;2024  -  Niveau 3;2029;;;Public;Ruffey-sur-Seille;46.74365371891824;5.494330067790057;ECOLE DE NIVEAU ELEMENTAIRE;Jura;SANS OBJET;;;
0390786T;lycée GT ou polyvalent;Lycée polyvalent Pré Saint Sauveur;Niveau 1;13;2025;2025 - Niveau 1;;;;;Public;Saint-Claude;46.379792800805646;5.871529367759134;LYCEE POLYVALENT;Jura;SANS OBJET;384453303;DURAND Jean-Yves;
0390916J;collège;Collège Louis Bouvier;Niveau 2;18;2023;2013 - Niveau 2;2018  -  Niveau 2;2028;;;Public;Saint-Laurent-en-Grandvaux;46.578175817522556;5.953989894486795;COLLEGE;Jura;SANS OBJET;384341380;PRIOUL-SAIDA Benoit;
0391075G;école;Ecole élémentaire Antoine Lyonnet;Niveau 2;20;2025;2020 - Niveau 3;2025  -  Niveau 2;2030;;;Public;Saint-Laurent-en-Grandvaux;46.575868104867986;5.960409843191089;ECOLE DE NIVEAU ELEMENTAIRE;Jura;SANS OBJET;;;
0390962J;collège;Collège Victor Considerant;Niveau 3;21;2023;2023 - Niveau 3;;;;;Public;Salins-les-Bains;46.94974463899238;5.881210024459909;COLLEGE;Jura;SANS OBJET;384730278;DIMOVITCH Florence;
0390042J;lycée GT ou polyvalent;Lycée Victor Considerant;Niveau 3;21;2023;2023 - Niveau 3;;;;;Public;Salins-les-Bains;46.94943321948755;5.881089485557706;LYCEE D ENSEIGNEMENT GENERAL;Jura;SANS OBJET;384730278;DIMOVITCH Florence;
0390380B;école;Ecole primaire du Mont Joly;Niveau 1;15;2022;2022 - Niveau 1;;;;;Public;Sampans;47.12678493972745;5.453530591862184;ECOLE DE NIVEAU ELEMENTAIRE;Jura;SANS OBJET;;;
0390694T;école;Ecole primaire;Niveau 2;15;2024;2024 - Niveau 2;;;;;Public;Villards-d'Héria;46.41543174979142;5.735069451221426;ECOLE DE NIVEAU ELEMENTAIRE;Jura;SANS OBJET;;;
0900400W;école;Ecole primaire;Niveau 3;20;2025;2020 - Niveau 1;2025  -  Niveau 3;2030;;;Public;Andelnans;47.60742362196383;6.846189327805957;ECOLE DE NIVEAU ELEMENTAIRE;Territoire de Belfort;SANS OBJET;;;
0900326R;école;Ecole élémentaire Maurice Henry;Niveau 1;11;2022;2022 - Niveau 1;;;;;Public;Bavilliers;47.619201078333425;6.837677778886448;ECOLE DE NIVEAU ELEMENTAIRE;Territoire de Belfort;SANS OBJET;;;
0900355X;lycée professionnel;Lycée professionnel Denis Diderot - Lycée des métiers de l'électricité, des technologies numériques et des productions mécaniques;Niveau 3;22;2024;2021 - Niveau 1;2024  -  Niveau 3;2029;;;Public;Bavilliers;47.62762495789006;6.838671808064349;LYCEE PROFESSIONNEL;Territoire de Belfort;SANS OBJET;384573727;HEINIS Julien;
0900335A;collège;Collège privé Sainte Marie;Niveau 1;12;2025;2025 - Niveau 1;;;;;Privé;Belfort;47.64051843890259;6.857547537826508;COLLEGE;Territoire de Belfort;CONTRAT D'ASSOCIATION TOUTES CLASSES;384586789;Mme GUERRIN-HOLTZER Corinne;
0900235S;collège;Collège privé Notre-Dame des Anges;Niveau 3;22;2024;2019 - Niveau 3;2024  -  Niveau 3;;;;Privé;Belfort;47.63343178269885;6.856969614711636;COLLEGE;Territoire de Belfort;CONTRAT D'ASSOCIATION TOUTES CLASSES;384280558;Mme VILLAIN Christine;
0900262W;école;Ecole primaire privée Sainte Marie;Niveau 1;13;2025;2025 - Niveau 1;;;;;Privé;Belfort;47.64051843890259;6.857547537826508;ECOLE DE NIVEAU ELEMENTAIRE;Territoire de Belfort;CONTRAT D'ASSOCIATION TOUTES CLASSES;;;
0900263X;école;Ecole primaire privée Notre-Dame des Anges;Niveau 3;22;2024;2024 - Niveau 3;;;;;Privé;Belfort;47.6335263348753;6.856644478118949;ECOLE DE NIVEAU ELEMENTAIRE;Territoire de Belfort;CONTRAT D'ASSOCIATION TOUTES CLASSES;;;
0900029T;lycée GT ou polyvalent;Lycée général et technologique privé Notre-Dame des Anges;Niveau 3;22;2024;2019 - Niveau 3;2024  -  Niveau 3;2029;;;Privé;Belfort;47.63343178269885;6.856969614711636;LYCEE ENSEIGNT GENERAL ET TECHNOLOGIQUE;Territoire de Belfort;CONTRAT ASSOCIATION PARTIE DES CLASSES;384280558;Mme VILLAIN Christine;
0900030U;lycée GT ou polyvalent;Lycée général et technologique privé Sainte-Marie;Niveau 1;12;2025;2025 - Niveau 1;;;;;Privé;Belfort;47.64051843890259;6.857547537826508;LYCEE ENSEIGNT GENERAL ET TECHNOLOGIQUE;Territoire de Belfort;CONTRAT D'ASSOCIATION TOUTES CLASSES;384586789;Mme GUERRIN-HOLTZER Corinne;
0900295G;collège;Collège Vauban;Niveau 3;19;2022;2019 - Niveau 1;2022  -  Niveau 3;;;;Public;Belfort;47.640149209830966;6.880679449730279;COLLEGE;Territoire de Belfort;SANS OBJET;384216467;TISSOT Philippe;territoire4
0900351T;collège;Collège Simone Signoret;Niveau 2;16;2022;2015 - Niveau 2;2020  -  Perte;2027;;;Public;Belfort;47.629446451764224;6.840144019496699;COLLEGE;Territoire de Belfort;SANS OBJET;384213244;VALENTIN Karine;
0900018F;collège;Collège Arthur Rimbaud;Niveau 2;18;2023;2018 - Niveau 2;2023  -  Niveau 2;;;;Public;Belfort;47.640014329753285;6.856221677767792;COLLEGE;Territoire de Belfort;SANS OBJET;384215612;MONCHATRE Corine;
0900017E;collège;Collège Châteaudun;Niveau 2;19;2025;2025 - Niveau 2;;;;;Public;Belfort;47.645771115844525;6.852888130471386;COLLEGE;Territoire de Belfort;SANS OBJET;384216288;COURVOISIER Christine;
0900360C;école;Ecole élémentaire Louis Aragon;Niveau 1;8;2023;2023 - Niveau 1;;;;;Public;Belfort;47.63866624022276;6.870624543832109;ECOLE DE NIVEAU ELEMENTAIRE;Territoire de Belfort;SANS OBJET;;;territoire4
0900365H;école;Ecole primaire Victor Schoelcher;Niveau 1;14;2021;2016 - Niveau 2;2021  -  Niveau 1;2026;;;Public;Belfort;47.640243489284224;6.852010046279256;ECOLE DE NIVEAU ELEMENTAIRE;Territoire de Belfort;SANS OBJET;;;
0900370N;école;Ecole élémentaire Saint-Exupéry;Niveau 3;21;2024;2021 - Niveau 1;2022  -  Niveau 2;2024  - Niveau 3;2029;;Public;Belfort;47.63311534957582;6.868628461535503;ECOLE DE NIVEAU ELEMENTAIRE;Territoire de Belfort;SANS OBJET;;;territoire4
0900118P;école;Ecole maternelle René Rucklin;Niveau 1;11;2021;2021 - Niveau 1;;;;;Public;Belfort;47.63274432840254;6.845411648365743;ECOLE MATERNELLE;Territoire de Belfort;SANS OBJET;;;
0900111G;école;Ecole maternelle Saint-Exupéry;Niveau 2;13;2023;2021 - Niveau 1;2023  -  Niveau 2;2028;;;Public;Belfort;47.63311534957582;6.868628461535503;ECOLE MATERNELLE;Territoire de Belfort;SANS OBJET;;;territoire4
0900359B;école;Ecole maternelle Louis Aragon;Niveau 2;13;2025;2023 - Niveau 1;2025  -  Niveau 2;2030;;;Public;Belfort;47.63866624022276;6.870624543832109;ECOLE MATERNELLE;Territoire de Belfort;SANS OBJET;;;territoire4
0900003P;lycée GT ou polyvalent;Lycée général et technologique Gustave Courbet;Niveau 3;16;2021;2014 - Niveau 2;2019  -  Niveau 2;2021  - Niveau 3;2027;;Public;Belfort;47.65232896846222;6.856380236282019;LYCEE ENSEIGNT GENERAL ET TECHNOLOGIQUE;Territoire de Belfort;SANS OBJET;384540607;GAUTHIER Catherine;territoire4
0900002N;lycée GT ou polyvalent;Lycée général et technologique Condorcet;Niveau 2;?;2021;2021 - Niveau 2;;;;;Public;Belfort;47.63252927885913;6.850322315354423;LYCEE ENSEIGNT GENERAL ET TECHNOLOGIQUE;Territoire de Belfort;SANS OBJET;384466480;DURST TAILFER Corinne;
0900279P;école;Ecole élémentaire;Niveau 2;18;2025;2025 - Niveau 2;;;;;Public;Châtenois-les-Forges;47.557720835203014;6.848517107481398;ECOLE DE NIVEAU ELEMENTAIRE;Territoire de Belfort;SANS OBJET;;;
0900032W;collège;Collège privé La Providence;Niveau 3;20;2023;2023 - Niveau 3;;;;;Privé;Chèvremont;47.62810160168364;6.92559071191191;COLLEGE;Territoire de Belfort;CONTRAT D'ASSOCIATION TOUTES CLASSES;384210361;Mme BLANDIN Emilie;
0900260U;école;Ecole privée La Providence;Niveau 3;20;2023;2023 - Niveau 3;;;;;Privé;Chèvremont;47.62810160168364;6.92559071191191;ECOLE DE NIVEAU ELEMENTAIRE;Territoire de Belfort;CONTRAT D'ASSOCIATION TOUTES CLASSES;;;
0900196Z;école;Ecole primaire;Niveau 1;16;2023;2023 - Niveau 1;;;;;Public;Chèvremont;47.6280847565928;6.924590940563504;ECOLE DE NIVEAU ELEMENTAIRE;Territoire de Belfort;SANS OBJET;;;
0900237U;collège;Collège Mozart;Niveau 1;16;2021;2016 - Niveau 2;2021  -  Niveau 1;;;;Public;Danjoutin;47.6158038978951;6.864294342287903;COLLEGE;Territoire de Belfort;SANS OBJET;384285023;BOETSCH Sandrine;
0900354W;école;Ecole primaire Saint-Exupéry;Niveau 1;15;2021;2016 - Niveau 3;2021  -  Niveau 1;2026;;;Public;Danjoutin;47.617778986820944;6.862643403690083;ECOLE DE NIVEAU ELEMENTAIRE;Territoire de Belfort;SANS OBJET;;;
0900019G;lycée professionnel;Lycée professionnel Jules Ferry - Lycée des métiers des services aux collectivités, aux entreprises et à la personne;Niveau 1;9;2025;2020 - Niveau 1;2025  -  Niveau 1;2030;;;Public;Delle;47.50919369945541;6.990439312716586;LYCEE PROFESSIONNEL;Territoire de Belfort;SANS OBJET;384584910;ACAR Ozcan;
0900009W;collège;Collège Val de Rosemont;Niveau 2;16;2024;2019 - Niveau 2;2024  -  Niveau 2;;;;Public;Giromagny;47.74104284779217;6.834925105648082;COLLEGE;Territoire de Belfort;SANS OBJET;384293304;MULLER Jean-Pierre;
0900011Y;collège;Collège Camille Claudel;Niveau 3;21;2025;2017 - Niveau 2;2022  -  Perte;2030;;;Public;Montreux-Château;47.61033167856302;7.002241977190242;COLLEGE;Territoire de Belfort;SANS OBJET;384233289;GASTINEAU Nathalie;
0900277M;collège;Collège Lucie Aubrac;Niveau 2;17;2025;2010 - Niveau 2;2015  -  Niveau 3;2025  - Niveau 2;2030;;Public;Morvillars;47.547255782265495;6.931275529801066;COLLEGE;Territoire de Belfort;SANS OBJET;384278226;SANS Cécile;territoire5
0900073R;école;Ecole primaire;Niveau 2;18;2025;2019 - Niveau 1;2020  -  Niveau 3;2025  - Niveau 2;2030;;Public;Morvillars;47.547597465779546;6.932607866943252;ECOLE DE NIVEAU ELEMENTAIRE;Territoire de Belfort;SANS OBJET;;;territoire5
0900066H;école;Ecole élémentaire les Hirondelles;Niveau 2;16;2022;2022 - Niveau 2;;;;;Public;Offemont;47.66197509117981;6.878014506966933;ECOLE DE NIVEAU ELEMENTAIRE;Territoire de Belfort;SANS OBJET;;;
0900053U;école;Ecole élémentaire Marie-France MOINE;Niveau 1;9;2025;2020 - Niveau 1;2025  -  Niveau 1;2030;;;Public;Roppe;47.670435172828505;6.919516375513579;ECOLE DE NIVEAU ELEMENTAIRE;Territoire de Belfort;SANS OBJET;;;
0900013A;collège;Collège Michel Colucci;Niveau 2;17;2024;2016 - Niveau 2;2019  -  Niveau 3;2029;;;Public;Rougemont-le-Château;47.73502438654369;6.971046058096918;COLLEGE;Territoire de Belfort;SANS OBJET;384230053;POMATHIOD Stéphane;
0900014B;collège;Collège René Goscinny;Niveau 2;17;2025;2024 - Niveau 1;2025  -  Niveau 2;;;;Public;Valdoie;47.666970053955616;6.847119298747909;COLLEGE;Territoire de Belfort;SANS OBJET;384263360;FAGOT Stéphane;
territoire3;territoire;Arbois;Niveau 2;;2023;2023 - Niveau 2;2028;;;;Public;Arbois;46.9041230238313;5.77431735567794;TERRITOIRE;;;;;
territoire4;territoire;Vauban;Niveau 2;;2025;2024 - Niveau 1;2025 - Niveau 2;2030;;;Public;Belfort;47.6393402263151;6.86926094945792;TERRITOIRE;;;;;
territoire2;territoire;Besançon - groupe scolaire Ste Colette - St Joseph-St Paul;Niveau 3;;2025;2025 - Niveau 3;2030;;;;Privé;Besançon;47.2456898202062;6.0339801427628;TERRITOIRE;;;;;
territoire1;territoire;Besançon Planoise;Niveau 1;;2023;2023 - Niveau 1;2028;;;;Public;Besançon;47.2210575512869;5.96533447086713;TERRITOIRE;;;;;
territoire5;territoire;Morvillars;Niveau 2;;2025;2024 - Niveau 1;2025 - Niveau 2;2030;;;Public;Morvillars;47.5474266240225;6.93194169837216;TERRITOIRE;;;;;
